9115,csv
757,csv
670,csv
4808,csv
6804,csv
5231,csv
2364,csv
1419,csv
9821,csv
5944,csv
9264,csv
5667,csv
7399,csv
3867,csv
1094,csv
1278,csv
1375,csv
6191,csv
5395,csv
6651,csv
1268,csv
2530,csv
5006,csv
1507,csv
1208,csv
1068,csv
2372,csv
2189,csv
3374,csv
8849,csv
2162,csv
8571,csv
9155,csv
1407,csv
2253,csv
9762,csv
2327,csv
6965,csv
3268,csv
4150,csv
8200,csv
9560,csv
8531,csv
1723,csv
8922,csv
3612,csv
9565,csv
3036,csv
7888,csv
9704,csv
7078,csv
9729,csv
5568,csv
7623,csv
3745,csv
6089,csv
4970,csv
8087,csv
3040,csv
9765,csv
7415,csv
9003,csv
7879,csv
2475,csv
8354,csv
5584,csv
3892,csv
8297,csv
8522,csv
6199,csv
4769,csv
7973,csv
7930,csv
7462,csv
1327,csv
2544,csv
8858,csv
2698,csv
1677,csv
8593,csv
9342,csv
7721,csv
7198,csv
382,csv
480,csv
6586,csv
7896,csv
1267,csv
9272,csv
7906,csv
1184,csv
7890,csv
3703,csv
9201,csv
74,csv
5877,csv
8314,csv
2760,csv
401,csv
5039,csv
6565,csv
1522,csv
1768,csv
5364,csv
1004,csv
7623,csv
3630,csv
2544,csv
3435,csv
9404,csv
6157,csv
3185,csv
5076,csv
4926,csv
5370,csv
5373,csv
1062,csv
1321,csv
3359,csv
9885,csv
4512,csv
9701,csv
7411,csv
925,csv
2899,csv
4724,csv
6303,csv
3015,csv
3464,csv
6457,csv
8122,csv
2397,csv
5012,csv
9665,csv
1602,csv
7183,csv
612,csv
2328,csv
2134,csv
326,csv
9402,csv
808,csv
4367,csv
3480,csv
6029,csv
3861,csv
5649,csv
7832,csv
3057,csv
1469,csv
8408,csv
36,csv
5123,csv
7335,csv
5026,csv
7566,csv
3556,csv
5809,csv
5770,csv
7978,csv
6734,csv
4990,csv
8875,csv
856,csv
4543,csv
7818,csv
2053,csv
9533,csv
4941,csv
2052,csv
6335,csv
2086,csv
6892,csv
8229,csv
6451,csv
7547,csv
6664,csv
1932,csv
6739,csv
3792,csv
3886,csv
2973,csv
7963,csv
8163,csv
9623,csv
9488,csv
8358,csv
491,csv
1226,csv
9339,csv
1719,csv
930,csv
7730,csv
4726,csv
6421,csv
1753,csv
5191,csv
8444,csv
1870,csv
3094,csv
3477,csv
1833,csv
3104,csv
7528,csv
4780,csv
5163,csv
9976,csv
7325,csv
9396,csv
903,csv
4693,csv
1219,csv
6132,csv
9142,csv
357,csv
4649,csv
3162,csv
2277,csv
3592,csv
8527,csv
72,csv
3035,csv
6328,csv
6831,csv
3404,csv
5834,csv
5408,csv
2567,csv
6086,csv
6591,csv
3785,csv
4976,csv
5798,csv
152,csv
3773,csv
8267,csv
8548,csv
7726,csv
1076,csv
3597,csv
1511,csv
8908,csv
8120,csv
1547,csv
3527,csv
4218,csv
6602,csv
1916,csv
2573,csv
4392,csv
2099,csv
1305,csv
6984,csv
2143,csv
8096,csv
6655,csv
1232,csv
533,csv
2834,csv
4697,csv
7683,csv
9709,csv
33,csv
3063,csv
2877,csv
313,csv
3711,csv
8737,csv
642,csv
7593,csv
8093,csv
3458,csv
4592,csv
4946,csv
5894,csv
3710,csv
9437,csv
9438,csv
2157,csv
5021,csv
3920,csv
4716,csv
6268,csv
6416,csv
8183,csv
8625,csv
1744,csv
1110,csv
4886,csv
3852,csv
1998,csv
3745,csv
6505,csv
9964,csv
365,csv
2856,csv
880,csv
4312,csv
4406,csv
9603,csv
3337,csv
7435,csv
7721,csv
288,csv
6444,csv
5883,csv
7353,csv
678,csv
7850,csv
1601,csv
1198,csv
4748,csv
2545,csv
2456,csv
7831,csv
9074,csv
8336,csv
2847,csv
600,csv
6864,csv
2407,csv
6873,csv
8955,csv
2305,csv
2376,csv
9054,csv
2572,csv
6824,csv
7466,csv
9220,csv
8045,csv
3666,csv
4098,csv
8860,csv
3648,csv
6220,csv
5513,csv
5958,csv
5008,csv
8487,csv
6861,csv
4130,csv
3382,csv
3208,csv
5620,csv
9767,csv
8700,csv
4271,csv
2171,csv
7770,csv
1497,csv
5259,csv
6882,csv
2491,csv
1472,csv
5240,csv
8160,csv
5518,csv
5496,csv
6244,csv
581,csv
6060,csv
4594,csv
4273,csv
3439,csv
2854,csv
7697,csv
7113,csv
7818,csv
8782,csv
9747,csv
7772,csv
4659,csv
638,csv
3118,csv
1933,csv
7194,csv
6881,csv
4290,csv
1435,csv
8580,csv
5637,csv
2160,csv
3539,csv
9613,csv
3659,csv
484,csv
7466,csv
1993,csv
4558,csv
4551,csv
5550,csv
9764,csv
1180,csv
1377,csv
6224,csv
5287,csv
2717,csv
3472,csv
21,csv
6365,csv
1842,csv
8539,csv
7804,csv
8013,csv
990,csv
1330,csv
2471,csv
5743,csv
9734,csv
9354,csv
1589,csv
7238,csv
7166,csv
1105,csv
8562,csv
5796,csv
4146,csv
4048,csv
4241,csv
2023,csv
346,csv
9741,csv
9180,csv
9939,csv
134,csv
5158,csv
9179,csv
9840,csv
9504,csv
2498,csv
3167,csv
3081,csv
3500,csv
4642,csv
3020,csv
3260,csv
9871,csv
9729,csv
9483,csv
4216,csv
90,csv
6312,csv
7009,csv
7710,csv
3237,csv
28,csv
3030,csv
2690,csv
1784,csv
3796,csv
3939,csv
3645,csv
844,csv
6178,csv
915,csv
7718,csv
4056,csv
6719,csv
3571,csv
8933,csv
9968,csv
2863,csv
8409,csv
3228,csv
2496,csv
305,csv
2057,csv
9787,csv
7849,csv
7581,csv
6338,csv
2588,csv
8173,csv
6080,csv
3385,csv
1064,csv
9081,csv
8696,csv
4201,csv
294,csv
4223,csv
3895,csv
3343,csv
9239,csv
5116,csv
7094,csv
5736,csv
200,csv
8539,csv
7944,csv
9008,csv
3895,csv
6993,csv
363,csv
6212,csv
2336,csv
9952,csv
1973,csv
9284,csv
6023,csv
4938,csv
968,csv
3208,csv
2904,csv
7790,csv
1399,csv
4474,csv
3980,csv
972,csv
2344,csv
5117,csv
4521,csv
7183,csv
2499,csv
5419,csv
403,csv
3145,csv
9367,csv
4156,csv
6267,csv
5011,csv
1391,csv
5187,csv
5913,csv
2537,csv
2144,csv
3123,csv
5618,csv
3874,csv
7997,csv
8838,csv
7922,csv
6664,csv
4565,csv
7665,csv
6833,csv
3959,csv
2671,csv
9261,csv
5367,csv
5413,csv
1563,csv
8321,csv
2871,csv
5202,csv
5702,csv
9607,csv
2692,csv
8141,csv
1533,csv
9080,csv
385,csv
4612,csv
2382,csv
5298,csv
8892,csv
3072,csv
2843,csv
1736,csv
9901,csv
6148,csv
8832,csv
1155,csv
9948,csv
2630,csv
5900,csv
7777,csv
5714,csv
3036,csv
6280,csv
1619,csv
5467,csv
830,csv
4697,csv
2075,csv
2601,csv
4894,csv
3998,csv
4597,csv
2852,csv
1363,csv
4304,csv
5137,csv
8902,csv
4571,csv
3577,csv
1934,csv
4816,csv
7523,csv
3230,csv
3166,csv
8047,csv
2051,csv
9746,csv
2005,csv
8564,csv
7579,csv
2123,csv
7702,csv
3104,csv
5341,csv
5430,csv
2462,csv
7472,csv
1755,csv
2731,csv
9089,csv
1407,csv
697,csv
1232,csv
3620,csv
8561,csv
9431,csv
3588,csv
537,csv
8846,csv
7083,csv
2054,csv
5497,csv
1611,csv
7707,csv
1356,csv
2017,csv
5875,csv
2246,csv
6027,csv
4022,csv
8220,csv
4959,csv
9279,csv
5783,csv
9827,csv
290,csv
3471,csv
4411,csv
1632,csv
5524,csv
6688,csv
7734,csv
592,csv
3125,csv
6058,csv
2225,csv
659,csv
4137,csv
6005,csv
1409,csv
9228,csv
686,csv
8891,csv
5111,csv
3506,csv
1271,csv
6188,csv
3858,csv
1589,csv
7286,csv
682,csv
740,csv
9833,csv
2987,csv
4068,csv
5149,csv
1527,csv
4012,csv
9729,csv
8943,csv
1869,csv
1458,csv
7518,csv
5764,csv
738,csv
9522,csv
5891,csv
8564,csv
7889,csv
4765,csv
6905,csv
8651,csv
4834,csv
4138,csv
1248,csv
2027,csv
3891,csv
7134,csv
3757,csv
5188,csv
7699,csv
4618,csv
4649,csv
3126,csv
1780,csv
3215,csv
8117,csv
6805,csv
8712,csv
9488,csv
7841,csv
6056,csv
4885,csv
2557,csv
8493,csv
6540,csv
9888,csv
7312,csv
3366,csv
6176,csv
4133,csv
2900,csv
883,csv
7275,csv
2529,csv
2794,csv
6942,csv
5528,csv
685,csv
3425,csv
5799,csv
5908,csv
5444,csv
8082,csv
9498,csv
8613,csv
3380,csv
1592,csv
4747,csv
5228,csv
9302,csv
9166,csv
6576,csv
6426,csv
1777,csv
9689,csv
97,csv
7749,csv
4210,csv
9751,csv
5288,csv
9270,csv
8144,csv
9746,csv
4801,csv
8251,csv
56,csv
7483,csv
1530,csv
1345,csv
4190,csv
7925,csv
897,csv
4293,csv
1718,csv
9914,csv
2635,csv
2631,csv
882,csv
2031,csv
8240,csv
6468,csv
3685,csv
99,csv
3173,csv
6063,csv
2145,csv
8281,csv
7423,csv
2624,csv
1179,csv
4182,csv
4093,csv
507,csv
5788,csv
5941,csv
3305,csv
2853,csv
7331,csv
5883,csv
7891,csv
2558,csv
7457,csv
1000,csv
8123,csv
4466,csv
8492,csv
5250,csv
5011,csv
2645,csv
5951,csv
2472,csv
5607,csv
8736,csv
2257,csv
1564,csv
9169,csv
3470,csv
705,csv
7502,csv
59,csv
3664,csv
5247,csv
2782,csv
1798,csv
1287,csv
4777,csv
3869,csv
6837,csv
9507,csv
244,csv
6403,csv
8301,csv
3009,csv
9147,csv
1048,csv
3183,csv
6359,csv
4742,csv
9123,csv
1324,csv
4681,csv
6656,csv
3447,csv
854,csv
5509,csv
5478,csv
5191,csv
8728,csv
9304,csv
6402,csv
1962,csv
4489,csv
8856,csv
6015,csv
5819,csv
6458,csv
4526,csv
1906,csv
2475,csv
2160,csv
3135,csv
6959,csv
4554,csv
9017,csv
3206,csv
8888,csv
2435,csv
7058,csv
8194,csv
867,csv
5971,csv
2727,csv
2368,csv
953,csv
9143,csv
1753,csv
1115,csv
6414,csv
7592,csv
9470,csv
8529,csv
4017,csv
5892,csv
8977,csv
399,csv
8910,csv
7399,csv
1122,csv
9943,csv
2790,csv
4581,csv
5370,csv
6999,csv
6712,csv
1829,csv
7358,csv
8737,csv
5144,csv
5933,csv
7146,csv
1448,csv
5615,csv
1634,csv
2028,csv
8463,csv
2675,csv
968,csv
9106,csv
8837,csv
5794,csv
5487,csv
5804,csv
5079,csv
8283,csv
9841,csv
965,csv
5916,csv
8361,csv
3722,csv
5288,csv
1845,csv
4100,csv
6697,csv
7419,csv
7052,csv
1108,csv
7081,csv
1280,csv
1170,csv
5569,csv
1664,csv
906,csv
8325,csv
5508,csv
7859,csv
1401,csv
8891,csv
13,csv
3617,csv
8515,csv
1507,csv
9551,csv
3330,csv
4756,csv
9013,csv
492,csv
9862,csv
6965,csv
2184,csv
3465,csv
3833,csv
8855,csv
9407,csv
8297,csv
1342,csv
2124,csv
8777,csv
7921,csv
397,csv
1462,csv
1470,csv
9873,csv
4533,csv
2000,csv
1727,csv
6768,csv
9300,csv
2587,csv
9273,csv
6509,csv
3633,csv
4648,csv
4599,csv
8876,csv
3437,csv
4301,csv
6176,csv
7611,csv
9199,csv
4949,csv
1349,csv
6169,csv
2872,csv
8583,csv
9454,csv
874,csv
1850,csv
6696,csv
6537,csv
7396,csv
9477,csv
5882,csv
5902,csv
5180,csv
2173,csv
8934,csv
7726,csv
9733,csv
3023,csv
9602,csv
3961,csv
4539,csv
472,csv
8007,csv
1826,csv
2764,csv
8611,csv
4191,csv
355,csv
3889,csv
2483,csv
9245,csv
9648,csv
1938,csv
7827,csv
7043,csv
1749,csv
85,csv
9691,csv
4747,csv
5421,csv